"My birthday",2023-07-31,1690418817
"ucat exam",2023-07-31,1690418896
"school starts",2023-07-31,1690418937
cruise,2023-11-01,1690426025
"estimated time of labour",2023-02-15,1690516228
"geena's birthday",2023-07-30,1690767034
" independence day",2023-07-04,1690767077
"may the fourth",2023-05-04,1690767131
"dad's birthday",2023-07-15,1690767152
Ngaakudzwe,2023-07-17,1690768254
"vtac opens",2023-07-26,1690768272
"bouncy castle",2023-07-14,1690768303
"pix wedding",2023-07-10,1690768888
"ava's production",2023-07-21,1690768977
"ngaa hello",2023-07-01,1690769007
"mr clissold",2023-07-05,1690769806
"wide putin",2023-07-7,1690777672
CHISTRMAS,2023-12-25,1690845282
"biology mock exam",2023-08-17,1690845333
"ze's birthday",2023-01-26,1690849922
"school ends",2023-08-2,1690861854
grace,2023-08-14,1690864997
"lizzys premature death",2023-08-4,1691025219
"happiest day",2023-08-19,1691121999
"game night",2023-08-23,1691122106
"pay day",2023-08-10,1691122400
"another test",2023-09-06,1691123088
"baby born",2023-08-16,1691123292
"bus ride",2023-08-28,1691130019
"heat death of the universe",2023-08-07,1691130081
"my sons birthday",2023-08-09,1691130123
movie,2023-08-20,1691130194
"ryan party",2023-08-26,1691130429
forec,2023-09-21,1691130549
hiking,2023-09-21,1691130644
eruuuuur,2023-08-30,1691130734
"is it working?",2023-09-24,1691130832
789,2023-10-19,1691130899
"punk tactics",2023-09-26,1691146771
"pop funko comes out",2023-10-12,1691147374
"wedding of jake",2023-08-30,1691148034
"praise god",2023-09-09,1691148819
